num_epoch,train_loss,p_train,f_train
1,0.979554,0.740671,0.740671
2,0.791826,0.778992,0.778992
3,0.681413,0.833019,0.833019
4,0.554811,0.888428,0.888428
5,0.484148,0.928886,0.928886
6,0.395283,0.941073,0.941073
7,0.322291,0.946853,0.946853
8,0.298076,0.951376,0.951376
